{
  "albumInfos": [
    {
      "albumName": "Favourites",
      "albumImage": "Album1.png",
      "imagesCount": "178",
      "category": "MY ALBUM"
    },
    {
      "albumName": "WhatsApp",
      "albumImage": "Album2.png",
      "imagesCount": "187",
      "category": "MY ALBUM"
    },
    {
      "albumName": "Work",
      "albumImage": "Album3.png",
      "imagesCount": "156",
      "category": "MY ALBUM"
    },
    {
      "albumName": "Facebook",
      "albumImage": "Album4.png",
      "imagesCount": "67",
      "category": "MY ALBUM"
    },
    {
      "albumName": "People",
      "albumImage": "Album5.png",
      "imagesCount": "18",
      "category": "OTHER ALBUM"
    },
    {
      "albumName": "Place",
      "albumImage": "Album6.png",
      "imagesCount": "96",
      "category": "OTHER ALBUM"
    },
    {
      "albumName": "Wildlife",
      "albumImage": "Album7.png",
      "imagesCount": "134",
      "category": "OTHER ALBUM"
    },
    {
      "albumName": "Food",
      "albumImage": "Album8.png",
      "imagesCount": "104",
      "category": "OTHER ALBUM"
    }
  ],
  "navigationList": [
    {
      "itemName": "Hamburger",
      "name": "Burger King",
      "description": "Burger, Pizza",
      "itemDescription": "Classic hamburger with Angus beef grilled to perfection",
      "itemImage": "Recipe19.png",
      "offer": "40% OFF - Use code OFF40",
      "itemRating": 4.5
    },
    {
      "itemName": "Black Bean Burger",
      "itemDescription": "Our signature black bean burger on a whole-grain bun",
      "itemImage": "Recipe8.png",
      "name": "McDonalds",
      "description": "Burger, Fast Food",
      "offer": "60% OFF - Use code OFF60",
      "itemRating": 4.4
    },
    {
      "itemName": "Macarons",
      "itemDescription": "Eight colorful flavors of macarons, fresh daily",
      "itemImage": "Recipe3.png",
      "name": "Macrons",
      "description": "Cafe, Beverages",
      "offer": "50% OFF - Use code OFF50",
      "itemRating": 4.2
    },
    {
      "itemName": "Egg on Toast",
      "itemDescription": "A sunny-side up egg on toast, just like grandma used to make",
      "itemImage": "Recipe9.png",
      "name": "Kings Kitchen",
      "description": "North Indian, Chinese, Sushi",
      "offer": "40% OFF - Use code OFF40",
      "itemRating": 4.5
    },
    {
      "itemName": "Chocolate Caramel Cake",
      "itemDescription": "Rich dark chocolate cake layered with caramel icing",
      "itemImage": "Recipe13.png",
      "name": "Chai Wale",
      "description": "Cafe, Beverages, Fast Food",
      "offer": "50% OFF - Use code OFF50",
      "itemRating": 4.6
    },
    {
      "itemName": "Red Velvet Cake",
      "itemDescription": "Classic red velvet cake with rich, cream cheese frosting and dark chocolate shavings",
      "itemImage": "Recipe4.png",
      "name": "Krispy Kreme",
      "description": "Desserts, Beverages",
      "offer": "60% OFF - Use code OFF60",
      "itemRating": 4.2
    }
  ],
  "photos": [
    {
      "imageURL": "ProfileImage1.png",
      "updatedDate": "2019-06-22"
    },
    {
      "imageURL": "ProfileImage2.png",
      "updatedDate": "2019-06-20"
    },
    {
      "imageURL": "ProfileImage3.png",
      "updatedDate": "2019-06-21"
    },
    {
      "imageURL": "ProfileImage4.png",
      "updatedDate": "2019-06-23"
    },
    {
      "imageURL": "ProfileImage5.png",
      "updatedDate": "2019-06-22"
    },
    {
      "imageURL": "ProfileImage6.png",
      "updatedDate": "2019-06-21"
    },
    {
      "imageURL": "ProfileImage7.png",
      "updatedDate": "2019-06-20"
    },
    {
      "imageURL": "ProfileImage8.png",
      "updatedDate": "2019-06-23"
    },
    {
      "imageURL": "ProfileImage9.png",
      "updatedDate": "2019-06-20"
    },
    {
      "imageURL": "ProfileImage10.png",
      "updatedDate": "2019-06-21"
    },
    {
      "imageURL": "ProfileImage11.png",
      "updatedDate": "2019-06-22"
    },
    {
      "imageURL": "ProfileImage12.png",
      "updatedDate": "2019-06-20"
    },
    {
      "imageURL": "ProfileImage13.png",
      "updatedDate": "2019-06-21"
    },
    {
      "imageURL": "ProfileImage14.png",
      "updatedDate": "2019-06-23"
    },
    {
      "imageURL": "ProfileImage15.png",
      "updatedDate": "2019-06-22"
    },
    {
      "imageURL": "ProfileImage16.png",
      "updatedDate": "2019-06-21"
    },
    {
      "imageURL": "ProfileImage17.png",
      "updatedDate": "2019-06-20"
    },
    {
      "imageURL": "ProfileImage18.png",
      "updatedDate": "2019-06-22"
    },
    {
      "imageURL": "ProfileImage19.png",
      "updatedDate": "2019-06-20"
    },
    {
      "imageURL": "ProfileImage20.png",
      "updatedDate": "2019-06-23"
    }
  ],
  "songsPageList": [
    {
      "songImage": "Songs_Image1.png",
      "songname": "Locker1",
      "composer": "Yanni"
    },
    {
      "songImage": "Songs_Image2.png",
      "songname": "Locker2",
      "composer": "Enya"
    },
    {
      "songImage": "Songs_Image3.png",
      "songname": "Thanksgiving",
      "composer": "George Winston"
    },
    {
      "songImage": "Songs_Image4.png",
      "songname": "The Voice Of Enigma ",
      "composer": "Enigma"
    },
    {
      "songImage": "Songs_Image5.png",
      "songname": "Steam Forest",
      "composer": "Andreas Vollenweider"
    },
    {
      "songImage": "Songs_Image6.png",
      "songname": "In The Morning Light",
      "composer": "Yanni"
    },
    {
      "songImage": "Songs_Image7.png",
      "songname": "Children of the Sun",
      "composer": "Dead Can Dance "
    },
    {
      "songImage": "Songs_Image8.png",
      "songname": "Winter into Spring",
      "composer": "George Winston"
    }

  ],

  "questions": [
    {
      "question": "How do I return or exchange an item?",
      "answer": [
        "To return or exchange your order, follow these simple steps :",
        "1. Go to My Orders.",
        "2. Choose the item you wish to return.",
        "3. Fill in the details.",
        "4. Tap Request Return."
      ]
    },
    {
      "question": "What is the replacement process for orders?",
      "answer": [
        "1. Upon clicking Request Return, a replacement item will be shipped to you automatically, free of charge.",
        "2. If the damaged item is not received by our warehouse within 15 days, you will be charged for the replacement item."
      ]
    },
    {
      "question": "Why haven't I received my refund in my bank account yet?",
      "answer": [
        "Refunds can take up to 10 business days to process after our warehouse receives the returned item. If you have not received your refund after 10 days plus shipping time, please contact returns@coolxxstuff.com."
      ]
    },
    {
      "question": "When are refunds given?",
      "answer": [
        "If a refund is requested within 30 days of receiving the product, refunds will be processed within 10 days of the returned product delivery to our warehouse. Please allow for shipping time."
      ]
    },
    {
      "question": "Why are faster delivery options not available at my location?",
      "answer": [
        "We use FedEx to deliver our products. All estimates for shipping times and all available shipping options come from calculations on their website."
      ]
    },
    {
      "question": "I have requested a return for my item. When will it happen?",
      "answer": [
        "If you have requested a return within 30 days of receiving your item, approval will be automatic and a shipping label will be printable from your device. Your refund will be processed within 10 days of your items delivery to our warehouse."
      ]
    },
    {
      "question": "How do I get an invoice for my order?",
      "answer": [
        "Invoices are automatically sent to the email you provided during the purchasing process. If you did not receive an invoice, please contact xxxx@coolxxstuff.com"
      ]
    },
    {
      "question": "How do I deactivate my account?",
      "answer": [
        "To deactivate your account:",
        "1. Go to My Account.",
        "2. Click Manage My Account.",
        "3. Near the bottom of the screen is a Deactivate option. Click it.",
        "4. Confirm that you want to deactivate your account.",
        "An email will be sent to you confirming your accounts deactivation."
      ]
    }
  ],

  "moviesPageList": [

    {
      "moviename": "The Shawshank Redemption",
      "movieyear": "1994",
      "movierating": 9.2
    },
    {
      "moviename": "The Godfather",
      "movieyear": "1972",
      "movierating": 9.1
    },
    {
      "moviename": "The Godfather: Part II",
      "movieyear": "1974",
      "movierating": 9.0
    },
    {
      "moviename": "The Dark Knight",
      "movieyear": "2008",
      "movierating": 9.0
    },
    {
      "moviename": "12 Angry Men",
      "movieyear": "1957",
      "movierating": 8.9
    },
    {
      "moviename": "Schindler list",
      "movieyear": "1993",
      "movierating": 8.9
    },
    {
      "moviename": "The Lord Of The Rings: The Return of the King",
      "movieyear": "2003",
      "movierating": 8.9
    },
    {
      "moviename": "Pulp Fiction",
      "movieyear": "1994",
      "movierating": 8.9
    },
    {
      "moviename": "The Good the Bad and the Ugly",
      "movieyear": "1966",
      "movierating": 8.8
    },
    {
      "moviename": "Titanic",
      "movieyear": "1997",
      "movierating": 7.8
    },
    {
      "moviename": "Spider-Man: Far From Home",
      "movieyear": "2019",
      "movierating": 7.6
    },
    {
      "moviename": "Avator",
      "movieyear": "2009",
      "movierating": 7.8
    },
    {
      "moviename": "Avengers: Infinity War",
      "movieyear": "2018",
      "movierating": 8.5
    }
  ],

  "namesListPage": [
    {
      "name": "Alora Elliot"
    },
    {
      "name": "Arden Noelle"
    },
    {
      "name": "Austin Bradley"
    },
    {
      "name": "Aurelia Lilan "
    },
    {
      "name": "Arthur Kim"
    },
    {
      "name": "Bernard Daniels"
    },
    {
      "name": "Bernard Rodriquez"
    },
    {
      "name": "Barden Daniel"
    },
    {
      "name": "Brandan Todd"
    },
    {
      "name": "Charlotte Nash"
    },
    {
      "name": "Carlos Esteban"
    },
    {
      "name": "Christina Hanson"
    },
    {
      "name": "Camila Sage"
    },
    {
      "name": "Dustin Blake"
    }
  ],
  "contactsPageList": [
    {
      "name": "Aaron Thorsson",
      "backgroundColor": "#837bff"
    },
    {
      "name": "Alexander Allen",
      "backgroundColor": "#678cc8"
    },
    {
      "name": "Alta Sims",
      "backgroundColor": "#29aaa0"
    },
    {
      "name": "Ann Keller",
      "backgroundColor": "#db7faa"
    },
    {
      "name": "Arthur Kim",
      "backgroundColor": "#dc9737"
    },
    {
      "name": "Bernard Daniels",
      "backgroundColor": "#a8d35f"
    },
    {
      "name": "Bernard Rodriquez",
      "backgroundColor": "#ec5b76"
    },
    {
      "name": "Bettie Conlon",
      "backgroundColor": "#6c88ff"
    },
    {
      "name": "Blake Moore",
      "backgroundColor": "#cf62e2"
    },
    {
      "name": "Brandon Todd",
      "backgroundColor": "#f57780"
    },
    {
      "name": "Carlos Esteban",
      "backgroundColor": "#a8d35f"
    },
    {
      "name": "Charlotte Nash",
      "backgroundColor": "#ec5b76"
    },
    {
      "name": "Chase Blair",
      "backgroundColor": "#6c88ff"
    },
    {
      "name": "Christina Lloyd",
      "backgroundColor": "#cf62e2"
    },
    {
      "name": "Christina Hanson",
      "backgroundColor": "#f57780"
    }
  ],
  "suggestionList": [
    {
      "imagePath": "ProfileImage2.png",
      "suggestionName": "Alice Russell",
      "id": "@alice.russell"
    },
    {
      "imagePath": "ProfileImage3.png",
      "suggestionName": "Danielle Schneider",
      "id": "@danielle.schneider"
    },
    {
      "imagePath": "ProfileImage4.png",
      "suggestionName": "Jessica Park",
      "id": "@jessica.park"
    },
    {
      "imagePath": "ProfileImage5.png",
      "suggestionName": "Julia Grant",
      "id": "@julia.grant"
    },
    {
      "imagePath": "ProfileImage6.png",
      "suggestionName": "Kyle Greene",
      "id": "@kyle.greene"
    },
    {
      "imagePath": "ProfileImage7.png",
      "suggestionName": "Danielle Booker",
      "id": "@danielle.booker"
    },
    {
      "imagePath": "ProfileImage8.png",
      "suggestionName": "Jazmine Simmons",
      "id": "@jazmine.simmons"
    },
    {
      "imagePath": "ProfileImage9.png",
      "suggestionName": "Ira Membrit",
      "id": "@ira.membrit"
    },
    {
      "imagePath": "ProfileImage10.png",
      "suggestionName": "Serina Black",
      "id": "@serina.black"
    },
    {
      "imagePath": "ProfileImage11.png",
      "suggestionName": "Alise Valasquez",
      "id": "@alise.valasquez"
    },
    {
      "imagePath": "ProfileImage12.png",
      "suggestionName": "Allie Bellew",
      "id": "@allie.bellew"
    },
    {
      "imagePath": "ProfileImage13.png",
      "suggestionName": "Navya Sharma",
      "id": "@navya.sharma"
    }
  ],
  "appUsagePageList": [
    {
      "appName": "Music",
      "progressBarValue": "40",
      "progressValue": "40%",
      "backgroundColor": "#837bff"
    },
    {
      "appName": "WhatsApp",
      "progressBarValue": "60",
      "progressValue": "60%",
      "backgroundColor": "#25d366"
    },
    {
      "appName": "Photos",
      "progressBarValue": "30",
      "progressValue": "30%",
      "backgroundColor": "#db7faa"
    },
    {
      "appName": "FaceBook",
      "progressBarValue": "50",
      "progressValue": "50%",
      "backgroundColor": "#3b5998"
    },
    {
      "appName": "Settings",
      "progressBarValue": "70",
      "progressValue": "70%",
      "backgroundColor": "#a8d35f"
    },
    {
      "appName": "Messages",
      "progressBarValue": "20",
      "progressValue": "20%",
      "backgroundColor": "#6c88ff"
    },
    {
      "appName": "Phone",
      "progressBarValue": "25",
      "progressValue": "25%",
      "backgroundColor": "#cf62e2"
    },
    {
      "appName": "Calendar",
      "progressBarValue": "10",
      "progressValue": "10%",
      "backgroundColor": "#ec5b76"
    }
  ],
  "documentsPageList": [
    {
      "documentName": "Sample Browser Notes.docx",
      "time": "8 mins ago",
      "documentSize": "100KB"
    },
    {
      "documentName": "Attendance Sheet.xlsx",
      "time": "20 mins ago",
      "documentSize": "86KB"
    },
    {
      "documentName": "Button Requirement.docx",
      "time": "45 mins ago",
      "documentSize": "117KB"
    },
    {
      "documentName": "Invoice October.pdf",
      "time": "1 hr ago",
      "documentSize": "600KB"
    },
    {
      "documentName": "UG Documentation.docx",
      "time": "2 hrs ago",
      "documentSize": "98KB"
    },
    {
      "documentName": "Pay Slip October.pdf",
      "time": "2 hrs ago",
      "documentSize": "749KB"
    },
    {
      "documentName": "UI Template Requirement.docx",
      "time": "19 hrs ago",
      "documentSize": "48KB"
    },
    {
      "documentName": "Avatar UG Documentation.docx",
      "time": "1 day ago",
      "documentSize": "45KB"
    },
    {
      "documentName": "Button UX Document.docx",
      "time": "1 day ago",
      "documentSize": "38KB"
    }
  ],
  "selectableName": [
    {
      "name": "Alora Elliot"
    },
    {
      "name": "Arden Noelle"
    },
    {
      "name": "Austin Bradley"
    },
    {
      "name": "Aurelia Lilan "
    },
    {
      "name": "Arthur Kim"
    },
    {
      "name": "Bernard Daniels"
    },
    {
      "name": "Bernard Rodriquez"
    },
    {
      "name": "Barden Daniel"
    },
    {
      "name": "Brandan Todd"
    },
    {
      "name": "Charlotte Nash"
    },
    {
      "name": "Carlos Esteban"
    },
    {
      "name": "Christina Hanson"
    },
    {
      "name": "Camila Sage"
    },
    {
      "name": "Dustin Blake"
    }
  ],

  "rotatorMoviesList": [
    {
      "image": "BannerImage.png"
    },
    {
      "image": "BanarImage2.jpg"
    },
    {
      "image": "BanarImage3.jpg"
    },
    {
      "image": "BanarImage4.jpeg"
    },
    {
      "image": "BanarImage5.jpg"
    }
  ],

  "showingMoviesList": [
    {
      "moviename": "The Lion King",
      "image": "Lion+King.png",
      "movierating": 5
    },
    {
      "moviename": "Captain Marvel",
      "image": "Captain+Marvel.png",
      "movierating": 5
    },
    {
      "moviename": "The Irishman",
      "image": "The+Irishman.png",
      "movierating": 5
    }
  ],

  "trailerMoviesList": [
    {
      "moviename": "Toy Story 4",
      "image": "Toy+Story+4.png"
    },
    {
      "moviename": "Star Wars: The Rise of Skywalker",
      "image": "Star+Wars.png"
    },
    {
      "moviename": "The Aeronauts",
      "image": "The+Aeronauts.png"
    }
  ],

  "upcomingMoviesList": [
    {
      "moviename": "Aladdin",
      "image": "Aladdin.png",
      "movierating": 5
    },
    {
      "moviename": "Avengers: Endgame",
      "image": "Avengers+End+Game.png",
      "movierating": 5
    },
    {
      "moviename": "Joker",
      "image": "Joker.png",
      "movierating": 5
    }
  ],

  "fileExploreList": [
    {
      "folderName": "Documents",
      "items": "8 Items",
      "dateTime": "28/11/2019  10:30 PM"
    },
    {
      "folderName": "Downloads",
      "items": "28 Items",
      "dateTime": "8/11/2019  11:20 PM"
    },
    {
      "folderName": "My Music",
      "items": "148 Items",
      "dateTime": "2/1/2020  8:44 AM"
    },
    {
      "folderName": "My Videos",
      "items": "48 Items",
      "dateTime": "21/9/2019  12:10 PM"
    },
    {
      "folderName": "Images",
      "items": "342 Items",
      "dateTime": "16/12/2019  6:45 PM"
    },
    {
      "folderName": "Data",
      "items": "21 Items",
      "dateTime": "18/11/2019  10:24 AM"
    },
    {
      "folderName": "Movies",
      "items": "12 Items",
      "dateTime": "25/11/2019  7:30 AM"
    },
    {
      "folderName": "Files",
      "items": "43 Items", 
      "dateTime": "14/12/2019  11:30 PM"
    }
  ]
}